Video ID,Song Title,Album Title,Artist Name 1,Artist Name 2,Artist Name 3,Artist Name 4,Artist Name 5,Artist Name 6,Artist Name 7
VG8TWByhbsc,'*•.¸♡Rock Ur Body♡¸.•*','*•.¸♡Rock Ur Body♡¸.•*',Stef de Haan,,,,,,
tyd-Vs0MHH4,(It Goes Like) Nanana,(It Goes Like) Nanana,Peggy Gou,,,,,,
yuxq12PEwFE,(It Goes Like) Nanana (Edit),(It Goes Like) Nanana,Peggy Gou,,,,,,
sYReZCkQC40,(It Goes Like) Nanana (Nanadub),(It Goes Like) Nanana,Peggy Gou,,,,,,
G1vkIvDKHTk,₊.⋆⁺SXC sh!t⁺⋆.₊,₊.⋆⁺SXC sh!t⁺⋆.₊,Stef de Haan,,,,,,
adPrvVa4Ejo,02:00,JVLIVS III : Ad Finem,SCH,Damso,,,,,
AUqe-TW_iKQ,100（Extended ver．）,SUPER EUROBEAT presents DAVE RODGERS Special COLLECTION Vol.2,DAVE RODGERS,,,,,,
igBSwRKgwis,1168,Cabaret To Cabaret EP,So Inagawa,,,,,,
3fJjKLh7HtY,1998,Built on Glass,Chet Faker,,,,,,
U8T2aEnv3GI,1998 (Victor Ruiz Remix),1998 (Victor Ruiz Remix),Binary Finary,,,,,,
UGeJoaBYg04,50//50,50//50,Vantage,,,,,,
zkCXsLKf5rM,7 fois,Années Sauvages,Georgio,,,,,,
ZVUId81w7KY,A Fine Red Mist,Katana Zero (Original Soundtrack),Bill Kiley,,,,,,
9k2UI8MN5qU,A Tense Moment,Katana Zero (Original Soundtrack),Justin Stander,,,,,,
2JPPMDrMFCM,Abusey Junction,We Out Here,Kokoroko,,,,,,
mIp1fdJTXWs,Acabar mal,Un Poquito Quema'o,Sergent Garcia,,,,,,
UBPI95GIbGg,Acid Jazz,So What?,Herr Krank,,,,,,
3ec97pU6QPU,Acide Winy,Encore un dernier baiser,Niagara,,,,,,
U2S--YMjCBE,Activation,Redline,Lazerhawk,,,,,,
vum2bUJwfkI,Adore You,Fine Line,Harry Styles,,,,,,
1hdTttiRr4s,Adrenaline,Adrenaline,Andromedik,Lexurus,Nu-La,,,,
gZHvdcB7IJg,Afterglow Drive,Resurface,Kalax,,,,,,
qZMz39mSM_o,ALE' JAPAN（Extended ver．）,SUPER EUROBEAT presents DAVE RODGERS Special COLLECTION Vol.2,DAVE RODGERS,,,,,,
JGRGWUVZqog,All for Now,Katana Zero (Original Soundtrack),LudoWic,,,,,,
E3X32f4T4cM,All I Want,All In All,Bob Moses,,,,,,
4iEyUOypoSk,All in You,Convergence,Synapson,Anna Kova,,,,,
CJiRV73dL5Y,All Night,Demon Hour,DBBD,,,,,,
HcaEgQ8tie0,All Of It,All Of It,Funk Tribu,Lucy Dye,,,,,
s3LguO0H2rI,All Of The Time,Loving In Stereo,Jungle,,,,,,
CCQevdsuugg,All The Way Up,All The Way Up,Fat Joe,Remy Ma,French Montana,Infared,,,
kQaseJ2DoAw,All The Way Up,All The Way Up,Fat Joe,Remy Ma,French Montana,Infared,,,
umajmStmVIc,alleswirdgut,GOODBYE SALÒ,Brutalismus 3000,,,,,,
DF-LIPS7SGQ,Altay,Altay,Ummet Ozcan,Otyken,,,,,
P-X-iHTe5PI,Am I Dreaming,METRO BOOMIN PRESENTS SPIDER-MAN: ACROSS THE SPIDER-VERSE (SOUNDTRACK FROM AND INSPIRED BY THE MOTION PICTURE),Metro Boomin,A$AP Rocky,Roisee,,,,
8ErPRCCgyWo,Amour Ex Machina,Pulsar,L'Impératrice,,,,,,
b6vKi3oXJgg,"Anthropology 2, the final","Anthropology 2, the final",Vladimir Cauchemar,,,,,,
Q37ISPsJbYs,Any Way,Pulsar,L'Impératrice,Maggie Rogers,,,,,
VlkpNw5XqS8,Apollo,Apollo,Space 92,,,,,,
4ZHxBEDHTFg,Armageddon,Armageddon - The 1st Album,aespa,,,,,,
pSVbF6DGH9U,Around the World (La La La La La),Planet Pop,A Touch of Class,,,,,,
_HBAN4VAYno,Arrêt du cœur,R.A.S,Kalash Criminel,Kaaris,,,,,
nujn6wbr-e8,As It Was,Harry's House,Harry Styles,,,,,,
2ueKZEKK1Lg,ASB,"Logique, Pt. 2",Limsa d'Aulnay,,,,,,
sTXu1T4E1Kg,At Home,Katana Zero (Original Soundtrack),Bill Kiley,,,,,,
dg7ax3yUSHo,Athéna,Civilisation,Orelsan,,,,,,
mukaNHdAZnA,Atmosfear,Atmosfear,St. David,,,,,,
j2rdAw82Uvk,Aura,U,Avoure,,,,,,
B1gcrYnzjSY,Autobahn,Autobahn,SCH,,,,,,
a0nPjZkxCzQ,B.O.T.A. (Baddest Of Them All) [Edit],B.O.T.A. (Baddest Of Them All),Eliza Rose,Interplanetary Criminal,,,,,
WBTyIqPhWKY,Baby Flute,Baby Flute,Vladimir Cauchemar,,,,,,
8_VeVHFJ7bU,Back 2 Back,Back 2 Back,Inlie,,,,,,
ekk0NSXCuqI,Back On 74,Volcano,Jungle,,,,,,
OMDkA1-VWlc,BACK ON THE ROCKS,SUPER EUROBEAT VOL.77,MEGA NRG MAN,,,,,,
8GEObTEFEeo,Baddadan,Baddadan,Chase & Status,Bou,IRAH,Flowdan,Trigga,Takura,
IoaQMDuaiR0,Baise le monde,Civilisation,Orelsan,,,,,,
6tynWSAesAo,Baker Street,City to City,Gerry Rafferty,,,,,,
VSz_Mv8gutg,Balanca Pema (Ao Vivo),Acústico Jorge Ben Jor A + B (Ao Vivo),Jorge Ben Jor,,,,,,
RYQC0h-eJ4o,Bamboléo,Gipsy Kings,Gipsy Kings,,,,,,
DYYkJ0kwNss,Banana Boat (Day-O),Calypso,Harry Belafonte,,,,,,
RNeV7lrDvoU,Bando (Remix),Bando (Remix),ANNA,Rich The Kid,,,,,
eH_PmddNI4I,Basic Pleasure - Wehbba,Empty Album,Empty Artist,,,,,,
NruQh0QDTTM,Be My Lover,Sweet Dreams,La Bouche,,,,,,
IBZp-ZD5fqg,Be Slow,Be Slow,Harrison Storm,,,,,,
K---pwXo2tM,BEAT OF THE RISING SUN（Extended ver．）,SUPER EUROBEAT presents DAVE RODGERS Special COLLECTION Vol.2,DAVE RODGERS,,,,,,
bVt7eOb0xwo,Bébéboa,Civilisation,Orelsan,,,,,,
_znPZ7BeEFs,Beleza Pula,Brasilian Skies,Masayoshi Takanaka,,,,,,
Nmuzff2_H1U,Besoin de chanter (Simplement Dan),Les Vedettes (Bande Originale du film),Charles Ludig,PALMASHOW,,,,,
i7ZKexhzTXQ,Bibisa,YO,Roberto Fonseca,,,,,,
K4W7JiHciOE,Big City Life,Signs Of A Struggle,Mattafix,,,,,,
NII0HwWAAUA,Billie Toppy,Billie Toppy,Men I Trust,,,,,,
_lnAw0vWddg,Birdcage,Restless,You Man,,,,,,
3W1LBLb5S0g,Bittersweet Symphony,Bittersweet Symphony,Marc Scibilia,,,,,,
b4XK2VgsIZ4,BIZCOCHITO,MOTOMAMI,ROSALÍA,,,,,,
v_mpRUw_JDk,Black Sand,Mahal,Glass Beams,,,,,,
ZHHEmd5mECY,Black Velvet,Alannah Myles,Alannah Myles,,,,,,
VA-PbcoLcIU,Blackbird SR-71,Blackbird SR-71,Indira Paganotto,,,,,,
6XVax69fhc4,BLASE,VIEUX SONS,Damso,,,,,,
uz9NT98_ulk,BLOODY STREAM,BLOODY STREAM,Coda,,,,,,
XbCbqu2Xhz0,Blue Lights (French Remix),Lost & Found,Jorja Smith,Dosseh,,,,,
R1MBI2tSHe0,Blue Monday,Blue Monday,New Order,,,,,,
IjmmABnwf7Y,Blue Room (Kz-Version),Katana Zero (Original Soundtrack),Tunç Çakır,,,,,,
rymYToIEL9o,Borderline,The Slow Rush,Tame Impala,,,,,,
n09MItNjXoQ,BRAND NEW WORLD,BRAND NEW WORLD,D-51,,,,,,
 -TprXMcBsLk,Brasil,Brasil,Bellaire,,,,,,
k0ynTKJZirg,Brasilian Skies,Brasilian Skies,Masayoshi Takanaka,,,,,,
UhLDA4Wr2GU,Break My Stride,I Don't Speak The Language,Matthew Wilder,,,,,,
HMNwE0eb03E,Breaking My Heart,Breaking My Heart,mischluft,,,,,,
faZEYN4KHx0,Breath of a Serpent,Katana Zero (Original Soundtrack),LudoWic,,,,,,
C_sz8xoZgbo,Breathless [album - Breathless '98],Hits Of Shankar Mahadevan,Shankar Mahadevan,,,,,,
RcDD57K-k5I,Breezin',Best of George Benson: The Instrumentals,George Benson,,,,,,
M1F5_UzwiY4,BREEZIN',On Guitar,Masayoshi Takanaka,,,,,,
wck7KAXdL7U,Brothers On The Slide,Promised Heights,Cymande,,,,,,
LfwUA9yyf0g,BROUILLARD,VIEUX SONS,Damso,,,,,,
kQxVgFfBIrU,BruxellesVie,Batterie faible,Damso,,,,,,
vELJtIVKB7A,Buster,In The Raw,Whitefield Brothers,,,,,,
lYipMv5CgMo,Bustin' Loose,Bustin' Loose,Chuck Brown and the Soul Searchers,,,,,,
qcnBJetqa7c,Buttabomma,Ala Vaikunthapurramuloo,Armaan Malik,Allu Arjun,Pooja Hegde,,,,
qfWu6mGxtHQ,By Any Means,By Any Means,Jorja Smith,,,,,,
09rP8zEM0fA,Cada Vez (Jerry Ropero-s Avant Garde Mix),Cada Vez (Ultimate Mix Collection),Negrocan,,,,,,
lw3iCVeTe30,Call on Me (Radio Mix),Call on Me (Radio Mix),Eric Prydz,,,,,,
7QXDkrkdmc8,CAN'T GET YOU OUT OF MY HEAD (TECHNO),CAN'T GET YOU OUT OF MY HEAD (TECHNO),BASSTON,Techno Tazzy,Tazzy,,,,
d_xVa67Ctn0,Can't Let You Go,Can't Let You Go,Terrace Martin,Nick Grant,,,,,
RQBgfjOROPw,Can't Take My Eyes off You,Solo,Frankie Valli,,,,,,
gA4rcZ90rZc,Cannelé,QMQS / Cannelé,Allez Kiki Fermentation,,,,,,
02nFGcia31M,Casio,For Ever,Jungle,,,,,,
RbQ2ethvuzQ,Casseurs Flowters Infinity,Civilisation,Orelsan,Gringe,,,,,
yiUuVRBaCy0,CAT'S EYE,MY FAVORITE SONGS,Anri,,,,,,
dBm3-qtM8U4,Cenesthesie,Cenesthesie,silence.,Protokseed,Sköne,,,,
2MwO8L6aubU,Chacun Fait (C'Qui Lui Plait),Chacun Fait (C'Qui Lui Plait),Chagrin d'Amour,,,,,,
V0FoYUcq9FQ,Chan Chan,Buena Vista Social Club,Buena Vista Social Club,,,,,,
8P21Dxwrzoo,Chan Chan (En Vivo),Chan Chan (En Vivo),Compay Segundo,,,,,,
lyWqQ4KzlzQ,Cheri Cheri Lady,30,Modern Talking,,,,,,
zYEKeEOKNi0,CHIHIRO,HIT ME HARD AND SOFT,Billie Eilish,,,,,,
CKuS4FoV6KI,Children of Cyberpunk,Avalon Quest,Isidor,,,,,,
OtK4k8M7230,Chinatown,Katana Zero (Original Soundtrack),Bill Kiley,,,,,,
WmIB7hUIsS0,Chip,Off The Leash,The Real McKenzies,,,,,,
dCRZImb-ecY,CINÉASTE,VIEUX SONS,Damso,,,,,,
7CT7WZCIsMk,Civilisation,Civilisation,Orelsan,,,,,,
lMPBH1gdNVQ,Close Your Eyes,Close Your Eyes,Wilkinson,Iiola,,,,,
VuGEW9LmaJU,Closer To Close,Closer To Close / Your Love,Jon Void,Patch Edison,,,,,
c1h4cg_6qHs,Clouds (Extented),Clouds,Vlinder Vos,,,,,,
m9oGF1vJAxs,Cocaine Blues,Cocaine Blues,Escort,,,,,,
sHTtvKcQu9E,Cola (Speed Up) (Remix),Cola (Remix),Dj Agos,,,,,,
9VTYsRFN1pE,Collide,Supernova,Wice,,,,,,
R-obeg2dzRs,Comanche (Ao Vivo),Acústico Jorge Ben Jor A + B (Ao Vivo),Jorge Ben Jor,,,,,,
WST1L64XRbc,Come Around and Love Me,Come Around And Love Me,Jalen Ngonda,,,,,,
oNxu2fDLOzk,Come Down,Sirens,EV,,,,,,
5SfZ69f9MRY,Coming Down,Katana Zero (Original Soundtrack),Bill Kiley,,,,,,
4KrZvEarkso,COMMENT FAIRE UN TUBE,VIEUX SONS,Damso,,,,,,
2idJRTd1tVc,Con Altura,Con Altura,ROSALÍA,J Balvin,El Guincho,,,,
0uWkaoYt_1E,Cool Cat,Hot Space (Deluxe Edition 2011 Remaster),Queen,,,,,,
2jYZhcttgg4,Corre Niña,Goldenwings,Opa,,,,,,
opW9eZZeDhs,Cosmogonie,Pulsar,L'Impératrice,,,,,,
M2wmrJMnFMc,"COSMOS (ma première chanson, j'avais 16 ans)",VIEUX SONS,Damso,,,,,,
UXIvINyQ0RA,COULD BE WRONG,COULD BE WRONG,LOSTBOYJAY,,,,,,
0skigTyA4NE,Could Heaven Ever Be Like This,Turn This Mutha Out,Idris Muhammad,,,,,,
SvmX053bQZ0,Count What You Have Now,J-Funk City : Vantage's Edits Collection,Vantage,,,,,,
_GWKkqNoyEA,Counting Stars,Native,OneRepublic,,,,,,
ytbMF3GXn6o,Coups et blessures,Long courrier (Edition Deluxe),BB Brunes,,,,,,
8PA92jBVp6s,Craquer,Années Sauvages,Georgio,,,,,,
hQ_Z-10dXSE,Crazy Train,Blizzard Of Ozz (40th Anniversary Expanded Edition),Ozzy Osbourne,,,,,,
tU9H9MTbKmI,Creep,OMNIMOVIE SIDE-B,Lure Division,,,,,,
gGIckb26a3A,Cris des mômes,Wesh Enfoiré,Lesram,,,,,,
OilHAe6Os3o,Crucify Your Mind,Cold Fact,Rodriguez,,,,,,
lve_m8ySaHo,Crystal Dolphin,Crust FM,Engelwood,,,,,,
uKDSvLycThg,Crystalline,Crystalline,The Midnight,,,,,,
wLCwk35AV6U,Cuppa Tea,Cuppa Tea,EV,,,,,,
VoGilr7ediw,Cure For Me,The Gods We Can Touch,AURORA,,,,,,
SljmdEornUY,D BLOCK AFRIQUE,D BLOCK AFRIQUE,Dinos,Jolagreen23,La Mano 1.9,,,,
KqHSDhG6g04,Da Feelin,Thought So…,Nightmares On Wax,,,,,,
vxV89nW6U70,Da Kool,Da Kool,Panteros666,,,,,,
FX8XmUzhI1w,Dance In The Game,Dance In The Game,ZAQ,,,,,,
8ILyCHkkblw,Dans la peau,Encore un dernier baiser,Niagara,,,,,,
VKxT2SB2mI0,Dans la télévision,Dans la télévision,Wookiz,,,,,,
VEzxrHHyuX0,Danza Marilù,Pulsar,L'Impératrice,Fabiana Martone,,,,,
HjTJ2aL_55U,Darling,Darling,Alone in My Room,,,,,,
ut2nwntC-34,Daydreaming,Daydreaming,Young Franco,Franc Moody,,,,,
WdzRZt-srpY,Deep Down,Deep Down,Alok,Ella Eyre,Kenny Dope,Never Dull,,,
JYbSo7EE4hE,Deixa A Gira Girar,Welcome To The ORISHAS HOMELAND - In The Rhythm Of Nature And Faith,Os Tincoãs,,,,,,
1MzNUehZ2cU,Deja Vu,minisode 3: TOMORROW,TOMORROW X TOGETHER,,,,,,
ti6qKQK2ox8,Deja Vu Decade,Ornaments,Sferro,,,,,,
j0QSrhGw4cU,DEJA VU（Extended ver．）,SUPER EUROBEAT presents DAVE RODGERS Special COLLECTION Vol.2,DAVE RODGERS,,,,,,
Fqy2NilDTrQ,Déjà-vue,Pulsar,L'Impératrice,,,,,,
Wm4UT3L-wS0,Delta,Tetra,C2C,,,,,,
F6E8oBp-MjQ,Delusive Bunker,Katana Zero (Original Soundtrack),LudoWic,,,,,,
WMlG4sF6BEA,Dernier verre,Civilisation,Orelsan,The Neptunes,,,,,
21I85y__NV8,Deseo (Max & Frank Minoia Salsa Club Mix),Deseo,Latin Blood,,,,,,
zVwITnrGMds,Destiny of the Moment,Destiny of the Moment,DJ HEARTSTRING,,,,,,
BLXq9D0RuGw,Devilman No Uta,DEVILMAN crybaby (Original Soundtrack),kensuke ushio,,,,,,
BbHgbd6qWNk,DHAN TE NAN,KAMINEY,SUKHWINDER SINGH,VISHAL DADLANI,ROBERT BOB OMULO,VISHAL BHARDWAJ,GULZAR,,
QJzVULYsfLk,Diamant v2,Années Sauvages,Georgio,Yoa,,,,,
FAb2Mu0CRk4,Diamonds on the Soles of Her Shoes,Graceland (25th Anniversary Deluxe Edition),Paul Simon,,,,,,
zA8C97qlzt4,DIRT MAN (G Zoom Edit),DIRT MAN (G Zoom Edit),G Zoom,,,,,,
jRU9L45V1Qo,Dirty Little Animals (from the series Arcane League of Legends),Arcane League of Legends (Soundtrack from the Animated Series),Bones UK,,,,,,
cYBHWE0NqaA,"DISCO “B” - Disco ""B""",Brasilian Skies,Masayoshi Takanaka,,,,,,
2946gFvTmvY,Discoteca,Discoteca,Ascendant Vierge,Nadsat,,,,,
QXhQWg1REAo,Distress Signal,Redline,Lazerhawk,,,,,,
GfVwQJ2YowI,Disturbed Lines,Katana Zero (Original Soundtrack),LudoWic,,,,,,
ZwBCYxBD5PM,Do You Think About Me?,Don't Stop,DJ HEARTSTRING,southstar,,,,,
v3cgdlHzQDQ,Dog Days Are Over,Lungs (10th Anniversary Edition),Florence + The Machine,,,,,,
O6q3JRMlh-I,Dolce Vita(Original Remastered Version 2020),Dolce Vita (Original Remastered Version 2020),Ryan Paris,,,,,,
oZHJP14BVRs,Don't Stop Believin',BBQ Classics,Journey,,,,,,
RYJvxyjkdKE,Don't Wait Up,Don't Wait Up,Midnight Generation,,,,,,
pYJ69TyU57c,Don’t You Want Me,Don’t You Want Me,Versus,,,,,,
iZLd-0DFVYc,Don't You Want Me (Purple Disco Machine Extended Mix),Don't You Want Me (Purple Disco Machine Remix),The Human League,,,,,,
t07kFJdpZAI,Doorman,Nothing Great About Britain,slowthai,Mura Masa,,,,,
XZK8QBWpRN0,Dosti,Rrr,Hemachandra,,,,,,
RLefc10kkMc,Dove,Cymande,Cymande,,,,,,
y2BXr2tdDFo,Dove,Cymande,Cymande,,,,,,
Qw4SyZNG-0o,Dream Machine,Redline,Lazerhawk,,,,,,
XJYq2fhR7mY,Dream On,Metal Classics,Aerosmith,,,,,,
swJOIjjW69U,Dreams (2004 Remaster),Rumours,Fleetwood Mac,,,,,,
hCUrSX2sY1s,Drift,Contradiction,Amelie Lens,,,,,,
E5mYZQNdQ_E,Driver's High,ark,L'Arc-en-Ciel,,,,,,
sTi-9tFG-6g,Driver's High,ark,L'Arc-en-Ciel,hyde,tetsuya,L'Arc~en~Ciel,岡野ハジメ,,
Ucaeyx8iE0s,Driving Force: Neon Fog,Katana Zero (Original Soundtrack),Bill Kiley,,,,,,
ChvzUQJFWpU,Du propre,Civilisation,Orelsan,,,,,,
pergMq3p0YU,Duality,Duality,Neon Nox,Powernerd,,,,,
xOEfJJc5OzY,Dub City,Dub City,DELACOUR,,,,,,
atx7AlYB_z4,Dynasties and Dystopia (from the series Arcane League of Legends),Arcane League of Legends (Soundtrack from the Animated Series),Denzel Curry,Gizzle,Bren Joy,,,,
LTeKloupGpM,Dystopia 2017,Dystopia 2017,Hayabuza,,,,,,
F5EFsUU7RRA,Early Summer,Scenery,Ryo Fukui,,,,,,
ZkfP4r1sz3k,edamame,edamame,bbno$,Rich Brian,,,,,
3oZunnY-Cbs,Edge of Seventeen,Timespace - The Best Of Stevie Nicks,Stevie Nicks,,,,,,
59VYvQjMN_8,EGO,VIEUX SONS,Damso,,,,,,
7Tn1T9tDo7k,El Niño,El Niño,DjeuhDjoah and Lieutenant Nicholson,,,,,,
m7Jf-OTKBL4,El Sueño (Radio Edit),El Sueño,Dennis Cruz,,,,,,
2gvsAfVXS48,Electric Groove,Redline,Lazerhawk,,,,,,
PaRd03uBMcE,Eliminator,Eliminator,Karl Casey,,,,,,
qvCgM7A067s,Elixir,Elixir,Tourist,,,,,,
v7XAowYdmwo,Emmène-moi contigo,Emmène-moi contigo,Cécilia Velasquez,,,,,,
LZSGDFp64kQ,Empress,Endless,Magic Sword,,,,,,
3D7Q1JPZZHk,Encore un dernier baiser,Encore un dernier baiser,Niagara,,,,,,
raoh6SFB0JU,End of the Road,Katana Zero (Original Soundtrack),Bill Kiley,,,,,,
LjjUAxt8iMI,Endless,Heaven,Pato Shoucair,,,,,,
IByKzbGI5ZY,Endless Desire,Destiny of the Moment,DJ HEARTSTRING,,,,,,
RGe4iHNGeP0,energy,energy,Tyla Jane,,,,,,
knIqPx8Fzp0,Enervate,Enervate,Transa,,,,,,
rH48TV1PKoM,Enfants Sauvages / AUDIO-2022-09-21,Années Sauvages,Georgio,,,,,,
wPEUEkGPClo,engravings,engravings,Ethan Bortnick,,,,,,
n-2FxFYA8y0,Ensemble,Civilisation,Orelsan,Skread,,,,,
04XNJqau9_c,Epilogue,La fête est finie - EPILOGUE,Orelsan,,,,,,
KWEsdF57hB4,Escapism.,My 21st Century Blues,RAYE,070 Shake,,,,,
XIEKFhR5BoY,Espresso (Espressooooo Version),Espresso EP,Sabrina Carpenter,,,,,,
9M-btXnO1NU,Esprit libre,Années Sauvages,Georgio,,,,,,
EL1_cglCfck,Ethiopic,Wood & Steel,Joce Mienniel,Aram Lee,,,,,
NS2APybA1AQ,Être,Années Sauvages,Georgio,,,,,,
Pua-VYYZm9k,Etthara Jenda,Rrr,Vishal Mishra,Prudhvi Chandra,M M Keeravaani,Sahithi Chaganti,Harika Narayan,,
SSBWiFGzsyU,Everybody Loves The Sunshine,Everybody Loves The Sunshine,Roy Ayers Ubiquity,,,,,,
oa7JwwdiA98,Everything Matters,The Gods We Can Touch,AURORA,Pomme,,,,,
wLSUDSNqLgQ,Everywhere,Tango in the Night,Fleetwood Mac,,,,,,
4xjCGBYvJKo,Expansive Voyage,Expansive Voyage,Genie the Band,,,,,,
U6rJxxSBbLQ,Eyelands,Natsu Zen Kai,Masayoshi Takanaka,,,,,,
 -xd-MIv9uew,Faces (Prod. by Roberto Ferrante - 2020 Remaster),Faces (2020 Remaster),Clio,Roberto Ferrante,,,,,
 -VXpLYGbaiw,Fantasma,Ciudad de las dos lunas,Cabiria,,,,,,
Da9GtyfW6Xc,Fantôme,JVLIVS II,SCH,Jul,Le Rat Luciano,Le Rat Luciano et Jul,,,
OFlQvbKE49U,Fast Lane,Hell: The Sequel (Deluxe),Bad Meets Evil,,,,,,
4svaP_ZfJ20,Fatburner,Pink Noise,DBBD,,,,,,
1dkIyG_sNMk,Feel,Winter VA,Elinov,,,,,,
BNMKGYiJpvg,Feeling Good,I Put A Spell On You,Nina Simone,,,,,,
dI4XOFz5J3E,Feu d'artifice,Années Sauvages,Georgio,,,,,,
PgPm2x3Z0K8,Filho Maravilha (Ao Vivo),Acústico Jorge Ben Jor A + B (Ao Vivo),Jorge Ben Jor,,,,,,
PlBrUaKu2ig,Fine Day,Fine Day,Sub Focus,,,,,,
43EEn3zDlNM,Fire,Fire,Panteros666,Öwes,,,,,
r7ECTqXQ-fI,Fire,The Dull Drums - EP,Barns Courtney,,,,,,
nYALiooya2Q,Fire Again,Fire Again,VALORANT,Ashnikko,,,,,
eXrm8hHEy04,Fire In My Body Reloaded,Inutile de Fuir,Indecorum,,,,,,
DLkF1FrEMTg,Firewhip (Viralata Mix),TOOLS 4 HARDWORKERS 001,Beltran,,,,,,
LHTVqqcqous,Fly Me to the Groove,Fly Me to the Groove,Eagle Eyed Tiger,,,,,,
hci81q8Q49Q,Fly-day Chinatown,Transit,Yasuha,,,,,,
PJK5EdWT3lY,Folded Realm,Fallout,Inner Zone,,,,,,
J6nF9-Psv84,Follow,J-Funk City : Vantage's Edits Collection,Vantage,,,,,,
JibJQGkgJsY,Forget It,Cold Fact,Rodriguez,,,,,,
SqTSgCdDaaM,Forgot About Dre,2001,Dr. Dre,Eminem,,,,,
CXHpqeKgN2c,FORZ4,FORZ4,t e s t p r e s s,,,,,,
_MNjykLB2gw,Fossil Funk (Piano Mix),Fossil Funk EP,Ceephax Acid Crew,,,,,,
bfbPcW1Fh-U,Free Tibet (Mixed) [Vini Vici Remix],A State Of Trance Classics Mix 014,Hilight Tribe,,,,,,
WDAynrHkP7w,Fried Soul,Fried Soul,Delvon Lamarr Organ Trio,,,,,,
GoByYHTHOvI,Froid,Années Sauvages,Georgio,Josman,,,,,
pM8edBB1hw4,Fruteria,1686,Ekathé,,,,,,
DeHp5pPUPzI,Full Confession,Katana Zero (Original Soundtrack),LudoWic,,,,,,
6Ht13-LqI0g,Fumée verte,Bende Mafia,Panama Bende,,,,,,
sETikORFxec,Funky Holo Holo Bird,Brasilian Skies,Masayoshi Takanaka,,,,,,
N1sWRrO4hZs,FWMGAB,They Got Amnesia,French Montana,,,,,,
Lq-33dD1b4Q,GDFR,GDFR (feat. Sage The Gemini & Lookas),Flo Rida,Sage The Gemini,LooKas,,,,
3ZXSnAHaBME,GENDA PHOOL,Delhi-6 (Original Motion Picture Soundtrack),Rekha Bhardwaj,A. R. Rahman,,,,,
xbtCXsYyHYU,Generator,One Night/All Night | Generator,Justice,,,,,,
GaPruN7XgNA,Get Em Up,Get Em Up,JUNO ( DE ),Jamek Ortega,,,,,
A67ia5RjyAg,Get Free (feat. Amber Coffman),Get Free,Major Lazer,Amber Coffman,,,,,
2EM85dEvles,getting down,getting down,mischluft,,,,,,
86-Ozt468C0,Ghosts,Outrun The Night,Between Planets,,,,,,
jVdVp7fs21U,GIANTS,GIANTS,True Damage,Becky G,Keke Palmer,SOYEON,DUCKWRTH,Thutmose,League of Legends
835DemFyzGI,Giddy Up (Extended Mix),Giddy Up,Coco & Ayres,,,,,,
xGvg52syR0o,Girl!,Pulsar,L'Impératrice,,,,,,
mib-5Q6mibk,Give Me Love (Louie Vega Remix Edit),Give Me Love (Louie Vega Remix Edit),Cerrone,,,,,,
bSeXbBQThgE,GLBTM (Studio Outtakes),GLBTM (Studio Outtakes),Daft Punk,,,,,,
CTvo6-vuFdU,GO TO THE TOP（Extended ver．）,SUPER EUROBEAT presents DAVE RODGERS Special COLLECTION Vol.2,DAVE RODGERS,,,,,,
YRrGlDxZYwM,Gommorah (A Nursery Rhyme),Cold Fact,Rodriguez,,,,,,
ioGlU73zXMk,Good Lies,Good Lies,Overmono,,,,,,
dLWV58BhE7Q,Good News,Circles,Mac Miller,,,,,,
m01ZmH63Hr0,Gorilla,Taylr Swft,Kill Frenzy,,,,,,
GO0CdWnyLZw,Gypsy,50 Years - Don't Stop,Fleetwood Mac,,,,,,
NqThf-MpCjs,Gypsy Woman (She's Homeless) (La Da Dee La Da Da) (Basement Boy Strip To The Bone Mix),Surprise,Crystal Waters,,,,,,
FQHi0RI2BdA,Hackers,Hackers,Karl Casey,,,,,,
IB6iEbX1ydg,Half Light,Lazers Not Included (Extended Edition),Wilkinson,Tom Cane,,,,,
QAZMhohTbLo,Half Mast,Walking On A Dream (10th Anniversary Edition),Empire Of The Sun,,,,,,
z2t9RmOe4K0,Hang On to Your Love (Long Version),Diamond Life,Sade,,,,,,
cukiBQ18NgE,Hanging Lanterns,Hanging Lanterns,Kalaido,,,,,,
BqZ6sRHpWIk,Happy Together,Happy Together,The Turtles,,,,,,
2TTMG4NR4Pc,Hard Being Hot,Hard Being Hot,DBBD,Miss Bashful,,,,,
vyCnOhW_-2c,Hate Street Dialogue,Cold Fact,Rodriguez,,,,,,
gLBoyzFnAdE,Haule Haule,Rab Ne Bana Di Jodi - Haule Haule,Sukhwinder Singh,,,,,,
mJLDjIWuPXU,Havana,Camila,Camila Cabello,Young Thug,,,,,
zeiwxt0EP4s,Head First,Falling into Place,Home,,,,,,
MS-hBmuL83w,Heaven Knows,Heaven Knows,54 Ultra,,,,,,
Arxj2s2NFfM,Heracles,"Pas de pluie, pas de fleurs.",Moka Boka,Swing,,,,,
o2Dw_lf3JMg,Hero's Come Back!!,vulgarhythm,nobodyknows+,,,,,,
43ZDP7eGX40,Hesitate,Eastend Confessions (Deluxe),Zeina,Sarz,,,,,
GJY8OMJXRAk,High Hopes,Pray for the Wicked,Panic! At The Disco,,,,,,
malIvdjikdA,High Street,High Street,Charlotte de Witte,,,,,,
CWeHepZwiXc,High Street (Astrix Remix),High Street (Remixes),Charlotte de Witte,,,,,,
wp_lKkWoyfI,HIP,reality in BLACK,MAMAMOO,,,,,,
ZLYmRRfjngc,Hit the Floor,Katana Zero (Original Soundtrack),DJ Electrohead,,,,,,
8MEpXnFrBMo,Hologram,Ride into the Unknown EP,Bedouin,,,,,,
A5rohNXvVSc,Home,Up From Below - 10th Anniversary Edition,Edward Sharpe & The Magnetic Zeros,,,,,,
DuaugaX8N2U,Home Is Where the Hatred Is,Pieces of a Man,Gil Scott-Heron,,,,,,
oufAscbHwik,Homeless,Homeless,Mr. Belt & Wezol,,,,,,
NoQQg8wA9BY,Homicide,Confessions of a Dangerous Mind,Logic,Eminem,,,,,
7eFd_wLNcC0,Horse,Horse,Salvatore Ganacci,,,,,,
FCDvKD5n2oc,Hôtel 5 étoiles,Années Sauvages,Georgio,,,,,,
Jxv_WdJYrps,House On Fire,House On Fire,L.zwo,,,,,,
tV8zhwgiL2A,表裏一体 - Hyouriittai,Shinsekai,YUZU,,,,,,
zHamgwlQ1yo,I Am A Man Of Constant Sorrow (With Band),"O Brother, Where Art Thou? (Original Motion Picture Soundtrack)",The Soggy Bottom Boys,Dan Tyminski,,,,,
pW1nPeOsD7s,I Feel Free,Fresh Cream (Deluxe),Cream,,,,,,
prnbF8Eagdg,I Feel Free,Fresh Cream,Cream,,,,,,
jJRqB3cAH1Y,I Felt Love (Salzbauer Rave Edit),I Felt Love (Salzbauer Rave Edit),Blue Hawaii,Salzbauer,,,,,
sy8QdO7pN2o,I Follow Rivers (The Magician Remix),Wounded Rhymes,Lykke Li,,,,,,
Pg-4TOQYOZM,I Go (Soulwax Remix),I Go (Remixes),Peggy Gou,,,,,,
Rbgw_rduQpM,I Really Want to Stay at Your House,"Cyberpunk 2077: Radio, Vol. 2 (Original Soundtrack)",Rosa Walton,Hallie Coggins,,,,,
jMswRIjVApw,I Remember Clifford,Brasilian Skies,Masayoshi Takanaka,,,,,,
xtDJLO8C_GA,I Want'a Do Something Freaky To You,Funked! : Volume 2 1973-1977,Leon Haywood,,,,,,
gVWmKG_eBPo,I Wonder,Cold Fact,Rodriguez,,,,,,
Ye9hGotPPVk,I'm Still Standing,Too Low For Zero,Elton John,,,,,,
v6FNF2_XR58,Ice 166,Demon Hour,DBBD,,,,,,
bwqurkN3vhE,アイデア - Idea,POP VIRUS,Gen Hoshino,,,,,,
_AICufHR9SM,Idhedho Bagundhe,Mirchi,Vijay Prakash,Anitha,,,,,
2te_h2MNrSY,If U Need It,If U Need It,Sammy Virji,,,,,,
RLi3se1o1F4,IGNITE,IGNITE,KASA BEATS,,,,,,
qC2JUBDmAxg,Ignorant,Ce monde est cruel,Vald,,,,,,
v5pflUtCT28,Illuminate,Portals,Sub Focus,Wilkinson,,,,,
 -dyjKEbV6uM,iluv (vip),iluv (vip),Effy,Mall Grab,,,,,
WYoM3Q9E2sM,Imagine!,SUPERSTAR!,Dina Ayada,,,,,,
76muLRoqk9M,imma,imma,mischluft,,,,,,
hdv9MdKKj0s,Impardonnable,BĒYĀH,Damso,,,,,,
IxhEmfxVax8,In Heat,In Heat,Grzzak,Hentai Xander,,,,,
mH1cl2Yb51s,In The Car Crash,Dirty Dancing,Swayzak,,,,,,
jPe0bX_GtBo,INDUSTRY BABY,INDUSTRY BABY,Lil Nas X,Jack Harlow,,,,,
jjQnsOzfv60,Infiltrator,Infiltrator,Daniel Deluxe,,,,,,
ov0yTDF_NiE,Infini,Années Sauvages,Georgio,,,,,,
f903wQHlE3w,Infinity Repeating (2013 Demo),Random Access Memories (10th Anniversary Edition),Daft Punk,Julian Casablancas,The Voidz,,,,
H14vjkBou_Y,Inner City Blues,Cold Fact,Rodriguez,,,,,,
fbf3NFax24o,INSTANT CLASSIC,INSTANT CLASSIC,Stef de Haan,Adrian Mills,,,,,
zs8Snr9aJxo,Instinct Animal,Folie's je t'aime,Folie's,,,,,,
ks-jvMf-Y0M,Interdit aux moins de 16 ans,Encore un dernier baiser,Niagara,,,,,,
epgswsq4qXI,Interstellar,Redline,Lazerhawk,,,,,,
w3R2BWiIf3w,Interstellar,Interstellar,Wice,,,,,,
8ZPSisouzUE,ISOLER,VIEUX SONS,Damso,Gil,,,,,
8VO9CFyCGKA,It Wasn't Me,90s Party Anthems,Shaggy,Ricardo Ducent,,,,,
sTMgX1PDGAE,It Wasn't Me,Hot Shot,Shaggy,Ricardo Ducent,,,,,
 -AHVZ67P8Vc,It's like a dream,It's like a dream,NEIL FRANCES,,,,,,
j8lxzU8QV7A,It's Only Us,It's Only Us,Monophonics,Kelly Finnigan,,,,,
SIRtO-IctX8,It's That Time,It's That Time,Marlon Hoffstadt,DJ Daddy Trance,,,,,
vR30OO03Ilg,It's That Time (FISHER Remix),It's That Time (FISHER Remix),Marlon Hoffstadt,FISHER,,,,,
afhth8DWNyw,Ive Brussel (Ao Vivo),Acústico Jorge Ben Jor A + B (Ao Vivo),Jorge Ben Jor,,,,,,
WH-lHjbQzkU,伊豆甘夏納豆売り - Izu Amanatsu Nattou Uri,Brasilian Skies,Masayoshi Takanaka,,,,,,
lT0cvvLF7eQ,J-FUNK,8 STEPS,THE JAZZ AVENGERS,,,,,,
gw7vrBSBQwk,Jaguar,Submerge Vol.1:Detroit Techno,The Astec Mystic,,,,,,
2R3XstG35sE,JAI HO,SLUMDOG MILLIONAIRE,SUKHWINDER SINGH,TANVI SHAH,MAHALAKSHMI IYER,VIJAY PRAKASH,A.R. RAHMAN,GULZAR,
4tzvpc7Otn8,Jamaïque,Années Sauvages,Georgio,,,,,,
wquKXaAGUOU,Jane S. Piddy,Cold Fact,Rodriguez,,,,,,
F4HCl4kFYFQ,japan,japan,Yot Club,,,,,,
OR5O0duYcyQ,Je dois m'en aller,Encore un dernier baiser,Niagara,,,,,,
TISrmI3lc8s,Je vais vite (Canelle Doublekick Remix),Hyper Lorie (Vol. 2),Lorie,,,,,,
ALTlKgwjB3w,Jealousy,Jealousy,RUBII,,,,,,
dFzqGlW4phY,Jorge De Capadócia (Ao Vivo),Acústico Jorge Ben Jor A + B (Ao Vivo),Jorge Ben Jor,,,,,,
WyxUhZW2JV0,Jour meilleur,Civilisation,Orelsan,,,,,,
AbHTrmTg5Ow,jtm de ouf,jtm de ouf,ELOI,,,,,,
r6Eei81SuqE,JUMP,JUMP,BLACKPINK,,,,,,
FVikHLyW500,Just A Joke,Relief 72 Hours,Yurie Kokubu,,,,,,
MZjCCCV4rLg,Just an Illusion,Just an Illusion,Imagination,,,,,,
GX4sQN6RM1k,JUST COMMUNICATION,BPM 132,TWO-MIX,,,,,,
o9dMTeEg6QY,just rave,just rave,mischluft,,,,,,
6POZlJAZsok,Just the Two of Us,Anthology,"Grover Washington, Jr.",Bill Withers,,,,,
isY3rtuSsK8,Kaikai Kitan,Kaikai Kitan / Ao No Waltz,Eve,,,,,,
H9R1Hl6sJeE,悲しみがとまらない　I CAN'T STOP THE LONELINESS - Kanashimi ga Tomaranai I CAN'T STOP THE LONELINESS,Timely!!,Anri,,,,,,
QXINyYhgV9o,Kare no shift wa BunBunBun,REDLINE Original Soundtrack,James Shimoji,SUPER BOINS,,,,,
CfSwxETYAd8,Katana Zero (Ost-Version),Katana Zero (Original Soundtrack),LudoWic,,,,,,
V9KLywrRHyE,Katarsis,Narin Yalnızlık,She Past Away,,,,,,
ORSMmht2RdA,Keep Your Eyes Peeled,Keep Your Eyes Peeled,ULTRA SUNN,,,,,,
varIRWxEqRk,Kill Your TV,Katana Zero (Original Soundtrack),Bill Kiley,,,,,,
UvXzkHWun_g,KINGDOM OF ROCK（Extended ver．）,SUPER EUROBEAT presents DAVE RODGERS Special COLLECTION Vol.2,DAVE RODGERS,,,,,,
s7lF8Of8uDY,Kiss Me More (Japanese Version),Kiss Me More (Japanese Version),Rainych,,,,,,
wvotvXKdEu4,L'ADRESSE,TOUT PEUT ARRIVER,Roméo Elvis,,,,,,
U0zVRKEXjY8,L'amour à la plage,Encore un dernier baiser,Niagara,,,,,,
IXYqlzxCthY,L'odeur de l'essence,Civilisation,Orelsan,,,,,,
DTWVFjg-xIE,La Quête,Civilisation,Orelsan,,,,,,
l6U1JB7z-I8,Ladyfingers,Whipped Cream & Other Delights,Herb Alpert & The Tijuana Brass,,,,,,
36gkJCruto8,Laisse-moi t'aimer,Molitor,Laurie Darmon,,,,,,
zaNpqa2LOzU,Last Day (David August Revision),Diynamic Revisited (By David August),DAVID AUGUST,Kollektiv Turmstrasse,,,,,
umODQlhot6o,Last laugh,Last laugh,Ceechynaa,,,,,,
VNg3MxYKSi0,Latch,Latch,Disclosure,Sam Smith,,,,,
5mHzaIehRTE,Lay All Your Love On Me,Super Trouper,ABBA,,,,,,
G8Ci55_cQI4,LE TALENT NE SUFFIT PAS,VIEUX SONS,Damso,,,,,,
UOB0h1MD1Ls,Les amants,Encore un dernier baiser,Niagara,,,,,,
54yp2QtwVCo,Let Me Hold You (Grafix Remix),Let Me Hold You (Grafix Remix),Netsky,Hybrid Minds,,,,,
dUbnvxB7WtA,Let Your Body Fly,Let Your Body Fly,MAISON ROYALE,,,,,,
mRaQAdynxto,Let's Get It Started (Spike Mix),Let's Get It Started (The Urbz edition EP),The Black Eyed Peas,,,,,,
vPwz0s-co5M,Lift Kara De,Bheegi Bheegi Raton Mein... Kabhi To Nazar Milao,Adnan Sami,,,,,,
Tbi-WnOsfE8,Light to Dark,Light to Dark,Corbeau Hangs,,,,,,
HbrX49BZd30,Lights (Single Version),Bright Lights (Lights Re-pack / Bonus Version),Ellie Goulding,,,,,,
JWnRd7czJYg,Like It,Like It,Sofia,Nvrsoft,,,,,
o4URQgQMhBE,Like It,Like It,Sofia,Nvrsoft,,,,,
6xG3n2coh5Q,Like Janis,Cold Fact,Rodriguez,,,,,,
jCiz3FPuPLw,Liquid - Arjun Vagale,Empty Album,Empty Artist,,,,,,
fRufLhjD0V4,Lollipops & Limousines,Tootsie Pop,MCR-T,Miss Bashful,,,,,
9-lbWhJsDYQ,Lore,High & Fines Herbes - La Saison 5,Caballero & JeanJass,ZorroSlice,,,,,
g9RbENlkLqQ,Love Brand New (Eagles & Butterflies Remix),Love Brand New (Eagles & Butterflies Remix),Bob Moses,Eagles & Butterflies,,,,,
vl63vi9Gc-g,Love from the Other Side,Pulsar,L'Impératrice,,,,,,
 -Yap2dh2k44,Love Is Gone (Fred Riester & Joachim Garraud Radio Edit Remix),Pop Life,David Guetta,Chris Willis,,,,,
3H7UNut-5S8,Love Me,Love Me,Dina Ayada,,,,,,
j7wBND-RyCM,Love Ride,Love Ride,Jordan Lee,,,,,,
Ivq543FENsM,Lovely Sweet Divine,Lovely Sweet Divine / A Tale Of Two Lovers,Eelke Kleijn,,,,,,
oA1JqZ2FyLQ,Lucky Star,Hold Up,Superfunk,Ron Carroll,,,,,
 -fMKC9m6NyU,Lucky You,Kamikaze,Eminem,Joyner Lucas,,,,,
anuVixxzAyI,Ludmilla,Dear Diary,Narciss,,,,,,
NdGUe0MgRYE,lumiukko,Lumi,Snail's House,,,,,,
dSSr6KG_Oy4,M+M Theme,M+M Theme,Marcus Mixx,,,,,,
AGrDHYmhuS0,MA PUTAIN,VIEUX SONS,Damso,,,,,,
Gjt3r7xOnKw,Ma quale idea,Ma quale idea,Pino D'Angiò,,,,,,
Byzhrg7oW58,Mahal,Mahal,Glass Beams,,,,,,
rNx6sUl7iiw,Make Up Your Mind,Make Up Your Mind,Alohaii,TOFIE,,,,,
gIzi-gvPf1s,Malhari,Bajirao Mastani (Original Motion Picture Soundtrack),Vishal Dadlani,Prashant Ingole,,,,,
VG4lpTHuytc,MANIAC,ODDINARY,Stray Kids,,,,,,
6RR-Pa6F4Do,"Maniac (From ""Flashdance"")",80's One Hit Wonders,Michael Sembello,,,,,,
IEuY3tGoa5I,Manifeste,Civilisation,Orelsan,,,,,,
cV-d_ePaEgA,Manifeste,Civilisation Edition Ultime,Orelsan,,,,,,
99CFGKKvzRs,Manike,Thank God,Yohani,Jubin Nautiyal,Surya Ragunaathan,,,,
52mklqfs1Y0,Mannschaft,JVLIVS II,SCH,Freeze Corleone,,,,,
pZ_zeodlRRY,Marea (we’ve lost dancing),Actual Life (April 14 - December 17 2020),Fred again..,The Blessed Madonna,,,,,
ZQ-enlWSDtg,Mas Que Nada (Ao Vivo),Acústico Jorge Ben Jor A + B (Ao Vivo),Jorge Ben Jor,,,,,,
D395bK70m3w,MASAKALI,Delhi-6 (Original Motion Picture Soundtrack),Mohit Chauhan,A. R. Rahman,,,,,
IlPCW6nLheM,Material Girl,Like a Virgin,Madonna,,,,,,
h23zhgDM9cg,Mayday,Rooftop,SCH,Ninho,,,,,
BBj3SCImk_A,真夜中のドア/Stay With Me - Mayonaka no Door / Stay With Me,Pocket Park,Miki Matsubara,,,,,,
VNQ3MmWpPfw,Me Da Igual,Pulsar,L'Impératrice,,,,,,
5qRe3yUzgYw,Meat Grinder,Katana Zero (Original Soundtrack),LudoWic,,,,,,
6Y8nYAqxRQ4,Meet Her At The Love Parade,Meet Her At The Love Parade,Vieze Asbak,,,,,,
0FCvzsVlXpQ,MEGALOVANIA,UNDERTALE Soundtrack,Toby Fox,,,,,,
FUkrQaqCVQA,Memento Interlude,"Stamina, Memento",Dinos,Charlotte Cardin,,,,,
MZsBpzxYt0o,Menina Mulher Da Pele Preta / O Telefone Tocou Novamente (Ao Vivo),Acústico Jorge Ben Jor A + B (Ao Vivo),Jorge Ben Jor,,,,,,
mvfe_oPKc8A,Menteur menteuse,Pacifique,Disiz,Margot Guera,,,,,
CfpCXkcx0c0,Met Her at Bäreneck,Met Her at Bäreneck,DJ HEARTSTRING,,,,,,
4Hvvltt7d-U,Midnight Rendezvous,CASIOPEA,CASIOPEA,,,,,,
t8nZu2cYhxk,Midtown Playground,Midtown Playground,Chris Stussy,,,,,,
SDgO_nvUX2E,Millions,Millions,No Limit,Orelsan,Ninho,,,,
K0a3PEqmLCc,"Minha Teimosia, Uma Arma Pra Te Conquistar (Ao Vivo)",Acústico Jorge Ben Jor A + B (Ao Vivo),Jorge Ben Jor,,,,,,
YmuItGEStkU,Mirage,Mirage,Sam Shure,,,,,,
dr8kFKEowh0,Mirage,Mirage,Glass Beams,,,,,,
88ft3GeEsto,Miss You,Miss You,Oliver Tree,Robin Schulz,,,,,
zCeQdBCZklo,Miss You,Miss You,southstar,,,,,,
6f7-j-9o7kQ,"Monday, Tuesday... Laissez-moi danser",40 succès en or,Dalida,,,,,,
4YSHPGn9-LM,MONEY,LALISA,LISA,,,,,,
x1LxjimaCjI,Monorail,Initiation,Gereon,,,,,,
5KNlOglnOe4,More Women,Saâda Bonaire,Saâda Bonaire,,,,,,
CZnNFriM9Gc,Morenita,Morenita,La Orquesta Magica De La Habana,,,,,,
xI9NfAetZyk,Move Your Feet,D-D-Don't Don't Stop The Beat,Junior Senior,,,,,,
or021cOh96g,Mujer Perfecta,Mujer Perfecta,PAMBELE,,,,,,
TEGkUHzd8hI,Murder On The Dancefloor,Read My Lips (Deluxe Version),Sophie Ellis-Bextor,,,,,,
lqKt4iE2abw,Muschi Muschi,SLUT BOPZ VOL. I,DBBD,Miss Bashful,,,,,
621XrVMO5b8,Music Is the Answer (Original Extended 12-Inch Mix),Music Is the Answer (Part 2),Celeda,Danny Tenaglia,,,,,
spDG0n80O0U,Music Sounds Better with You,Music Sounds Better with You,NEIL FRANCES,,,,,,
wfhdhWAYnp8,My Barn My Rules,My Barn My Rules,MCR-T,horsegiirL,,,,,
3LmSjmcUNh8,My Love,FutureSex/LoveSounds Deluxe Edition,Justin Timberlake,T.I.,,,,,
ljwj_y7Y9qs,My Mother Told Me,My Mother Told Me,VoicePlay,Jose Rosario Jr.,,,,,
jX4wKVIC4Wk,Mystic Brew,Two Headed Freap,Ronnie Foster,,,,,,
AbaAxgufFA8,Naatu Naatu,Rrr,Rahul Sipligunj,Kaala Bhairava,,,,,
MHeUtJEckoI,Nails,Nails,Saint Levant,,,,,,
qPYPr5og22g,Nasty Hats,Bacano,Orgone,,,,,,
ugSbNXJkvCA,"Nathy Peluso: Bzrp Music Sessions, Vol. 36/66","Nathy Peluso: Bzrp Music Sessions, Vol. 36/66",Bizarrap,Nathy Peluso,,,,,
83EN-pdWb1k,Neo Soul,Neo Soul,Cyazon,Essenger,,,,,
PFabWDgNo5M,Never Ending Story,Never Ending Story,DC Salas,,,,,,
x4hAfEKvJ40,Never Let Me Go,Never Let Me Go,DJ HEARTSTRING,,,,,,
0lE1kj7p6L0,Never Too Old (Friction Remix),Never Too Old (Friction Remix),Monrroe,Emily Makis,,,,,
PqC29ppyY6M,New Beginnings,New Beginnings,Karl Casey,,,,,,
7BTWpImCDq4,Night of Fire (Extended mix),"Bratt Sinclaire Eurobeat Style, Vol.7",Niko,Bratt Sinclaire,,,,,
4WEArFgyYzE,Night Patrol,Outrun The Night,Between Planets,,,,,,
rcxM4fvddq4,Nightride,Nightride,Between Planets,,,,,,
sm6cO-FU7_E,Nights,Brasilian Skies,Masayoshi Takanaka,,,,,,
EG-yJy2N84E,Níu,Le chant des Vikings,SKÁLD,,,,,,
9fvNi6OmAbU,Niv,Niv (Remixes),Geju,,,,,,
Lh-D2Z3prlk,No. 22,Moderat,Moderat,,,,,,
NuIzcdWQN7g,Nocturne,Nocturne,Worakls,,,,,,
7O6dHQ_bwW0,Nocturne (Co-Composed by Justin Stander),Katana Zero (Original Soundtrack),Bill Kiley,,,,,,
eUyxCuyxnqo,Notes pour trop tard (feat. Ibeyi),La fête est finie,Orelsan,Ibeyi,,,,,
t7yJQs7K4VA,Nuit d'Afrique,Kindisch Presents: Kindisch Steps VI,Kora (CA),Wuachuma,,,,,
sDm4_phIViM,O Circo Chegou (Ao Vivo),Acústico Jorge Ben Jor A + B (Ao Vivo),Jorge Ben Jor,,,,,,
Cn5UfVOx_kQ,O Namorado Da Viúva (Ao Vivo),Acústico Jorge Ben Jor A + B (Ao Vivo),Jorge Ben Jor,,,,,,
8reiqkId3PM,O Vendedor De Bananas / Citação: Cosa Nostra (Ao Vivo),Acústico Jorge Ben Jor A + B (Ao Vivo),Jorge Ben Jor,,,,,,
ND-4SmGaGyU,Ocean Drive,Turbulence,Miami Nights 1984,,,,,,
dmaE78oaVLg,Ocean Drive,Blasé Boys Club (Pt. 1),Duke Dumont,,,,,,
nXsjs9wX8V4,Off The Ground,Off The Ground,HolyBrune,,,,,,
p4vQ9fl5r9o,Oh Honey,Oh Honey,Delegation,,,,,,
iyvTLDEb9c0,On My Mind,On My Mind,Jorja Smith,Preditah,,,,,
AfAL0dwlzdU,On My Mind (Purple Disco Machine Remix),Do You Dance?,Diplo,SIDEPIECE,,,,,
wY4srFZE7uU,ON N'EST JAMAIS MIEUX COMPRIS QUE PAR SOI-MÊME,VIEUX SONS,Damso,,,,,,
HbSPhHbPv2k,One Day (Vandaag) (Radio Edit),One Day (Vandaag) (Radio Edit),Bakermat,,,,,,
XWCPbRsMb0Q,One Kiss,One Kiss,Calvin Harris,Dua Lipa,,,,,
GYeOVn0PhSk,One Last Kiss,One Last Kiss,Hikaru Utada,,,,,,
o2ObjeAvN4g,One Night in North Glasgow,Met Her at Bäreneck,DJ HEARTSTRING,,,,,,
jN59SEJDSoc,One Night/All Night,One Night/All Night | Generator,Justice,Tame Impala,,,,,
ZNl4nelnboY,One Piece : Drums of Liberation x Overtaken (EPIC COVER) [GEAR 5],One Piece : Drums of Liberation x Overtaken (EPIC COVER) [GEAR 5],Alexis DL,,,,,,
LqZCwY69XLA,Only Good For Conversation,Cold Fact,Rodriguez,,,,,,
jV74RE_7gS0,Or Acrylique,Années Sauvages,Georgio,,,,,,
eE3KkR5RuLs,Os Alquimistas Estão Chegando Os Alquimistas (Ao Vivo),Acústico Jorge Ben Jor A + B (Ao Vivo),Jorge Ben Jor,,,,,,
gpOdTitsN3o,オトナブルー - OTONABLUE,OTONABLUE,ATARASHII GAKKO!,,,,,,
gms9_l6XahA,Oum Khalsoum,Rita Mitsouko,Les Rita Mitsouko,,,,,,
Xpkc-NU1KA0,Outer Wilds,Outer Wilds (Original Soundtrack),Andrew Prahlow,,,,,,
jpzdcyNRTBg,Outside Those Doors,Outside Those Doors,Mischluft,,,,,,
EO2lkMIxvUU,Overdose,Katana Zero (Original Soundtrack),LudoWic,,,,,,
RgcwGpvUdZI,Overdrive,Redline,Lazerhawk,,,,,,
GKFCoihIDIc,Pain In The Ass,Pain In The Ass,Nina Kraviz,,,,,,
_zUZGSgWBac,Pais Tropical / Spyro Gyro (Ao Vivo),Acústico Jorge Ben Jor A + B (Ao Vivo),Jorge Ben Jor,,,,,,
X7UqPXvWUzw,Panda,Panda,Desiigner,,,,,,
Ir6EAa6w7m4,Panoramic Feelings,Katana Zero (Original Soundtrack),LudoWic,,,,,,
Sgr0hYmOIKw,Paradise,Paradise,Evangelia,,,,,,
nuxV-dzK2fo,Paris Madness,Paris Madness,Samaran,,,,,,
SBH_u-vEK30,Pata Pata (Stereo Version),Pata Pata,Miriam Makeba,,,,,,
WxJEAIWvSYE,Patagonia,Patagonia,Pamplem'House,,,,,,
aB22k1t050o,Patty Cake,NO VISA,Captain Planet,,,,,,
U_OOmdBzxjY,payrent,payrent,S.A.R.,,,,,,
5rnawnfK2sQ,Peaches,Justice,Justin Bieber,Daniel Caesar,Giveon,,,,
hmbkhYAjp8c,Pedal to the Metal,Redline,Lazerhawk,,,,,,
Gq6AjwmKrQU,Perfect Time <再arr> - Perfect Time <Re Arr>,The Seven Deadly Sins (Original Soundtrack) 2,Hiroyuki Sawano,,,,,,
Pj8-DY-FAxg,Permission to Land,Shake It,The New Mastersounds,Jeff Franca,Jason Mingledorff,,,,
buYV-b1koFw,Petit pays,The Very Best Of,Cesária Evora,,,,,,
cSAzKlxnkhg,Phantom Pt II (Boys Noize Remix),Phantom - EP,Justice,,,,,,
XTKBYfyNMdQ,Phoenix,Phoenix,League of Legends,Cailin Russo,Chrissy Costanza,,,,
krICz3j97Ow,Phoenix,Phoenix,Hybrid Minds,Alexa Harley,,,,,
OZv3KQAkYY4,Phonky Tribu (FØSS Hard Remix),Phonky Tribu (FØSS Hard Remix),Funk Tribu,,,,,,
aeH7runevCU,Phonky Tribu (Radio Edit),The Midnight Club GT,Funk Tribu,,,,,,
c6CSkpCI7-M,Pilote,Enna,PLK & Hamza,Hamza,,,,,
4N15045PHEA,Pink Venom,Pink Venom,BLACKPINK,,,,,,
mtkNSkELiTM,Pirates of the Caribbean: The Curse of the Black Pearl,Pirates of the Caribbean: The Curse of the Black Pearl,Cinematic Symphony Orchestra,,,,,,
y6dl9PKYrKM,Platinum,Platinum,Funk Tribu,Teletech,,,,,
9iTtMqCx0pI,Please Don't Call Me,Bust a Dream,Kolter,,,,,,
 -T8R_VDTOYQ,"Please, Please, Please, Let Me Get What I Want",Louder Than Bombs,The Smiths,,,,,,
 -e1IZFm_qoc,Pon Pón,A LA SALA,Khruangbin,,,,,,
SXMFMXKNi94,"Por Causa De Você, Menina / Chove Chuva (Ao Vivo)",Acústico Jorge Ben Jor A + B (Ao Vivo),Jorge Ben Jor,,,,,,
FRISxpi73sA,Posh & Scary,Various Artists 2 - EP 1,Shlømo,Parfait,,,,,
JE7Je6VZKJs,Posthume,Années Sauvages,Georgio,,,,,,
yIm6_wusnQc,Pow,Pow,Panteros666,MCYL,,,,,
KYcSPar5uTk,Prada,Prada,Cassö,RAYE,D-Block Europe,,,,
gfIFUdFJdoM,Praise The Lord (Da Shine),TESTING,A$AP Rocky,Skepta,,,,,
MlfSD0yyJj8,Pria,Power Of Thought EP,Charlotte de Witte,,,,,,
hLCCpkl-Mks,Prison Air 1,Katana Zero (Original Soundtrack),LudoWic,,,,,,
GjQEdk1uWRE,Prison Air 2,Katana Zero (Original Soundtrack),LudoWic,,,,,,
s6F37L7vtyw,Prison Song,"The ""Selma"" Album: A Musical Tribute To Dr. Martin Luther King, Jr.",Carlton Williams,,,,,,
zPR-A9Q8hvg,Promiscuous (Axwell Remix),Loose (Expanded Edition),Nelly Furtado,Timbaland,,,,,
MFhsTRVv-Vo,ptn de bpm,ptn de bpm,Zélie,,,,,,
F_lidYLcDBA,Pulsar,Pulsar,L'Impératrice,,,,,,
rnO-MflYxCw,Pumped Up Kicks,Torches,Foster The People,,,,,,
czxFlbkRn3o,QMQS,QMQS / Cannelé,Allez Kiki Fermentation,,,,,,
dklZz4kTUpk,Quand la ville dort,Encore un dernier baiser,Niagara,,,,,,
w60hQIxqUas,Quand le soleil tombe,Années Sauvages,Georgio,,,,,,
JugznLKHyQA,Quand tout s'enflamme,Années Sauvages,Georgio,PLK,,,,,
Ix35X4ztw3w,Que Maravilha (Ao Vivo),Acústico Jorge Ben Jor A + B (Ao Vivo),Jorge Ben Jor,,,,,,
nUYxrsVdJ50,Que Pena  (Ela Já Não Gosta Mais De Mim) (Ao Vivo),Acústico Jorge Ben Jor A + B (Ao Vivo),Jorge Ben Jor,,,,,,
fYxEva04rGE,Quiet Heat,Sunshine Radio,Tommy Guerrero,,,,,,
AdkYPxeLlYg,Ragysh,Ragysh,Todd Terje,,,,,,
-9s63ZNKSzg,Rain on Brick,Katana Zero (Original Soundtrack),Bill Kiley,,,,,,
gcc1VH_EYAU,Rainbow Road,Mario & Chill,Helynt,GameChops,,,,,
9sWvLONpXec,Raindrops Keep Fallin' On My Head,20 Greatest Hits: 1969,B. J. Thomas,,,,,,
uje5c6P444o,RALLY STATION,RALLY STATION,Noxygen,,,,,,
KFUfL1cAL6c,Rattlesnake,Mirage,Glass Beams,,,,,,
tspVwUjw9O0,RE-IGNITION,RE-IGNITION,VALORANT,ARB4,Jazz Alonso,Emei,,,
N7nK76vCtbA,Ready for War,Ready for War,Joznez,2WEI,Kataem,,,,
lPzyI4EIRVQ,Ready To Fly (Sub Focus & Dimension),Ready To Fly (Sub Focus & Dimension),Sub Focus,Dimension,,,,,
O6T7zV7LCx0,REBEL,DIMENSION,Lick,,,,,,
etZD_WfEmkI,Redline,Redline,Lazerhawk,,,,,,
4IwuGjm42hQ,Réflexions basses,XEU,Vald,,,,,,
y9hAAQGJtTc,Renegade (Instrumental),Renegade,Kavinsky,,,,,,
Kz-LdEHxiGg,Renegade Toys,Renegade Toys,Viper,,,,,,
f-OLPMstwC8,Research,VHS,CASTLEBEAT,,,,,,
4CcpVbSz_ho,Resonance,Resonance,asdfghjkl,,,,,,
WtMmEpERHns,Resonance,Odyssey,Home,,,,,,
93w3zMnl_lw,Rêve mieux,Civilisation,Orelsan,,,,,,
_anMNrLGfqI,Revolution (Extended Version),Eurobeat Kudos 16,Fastway,,,,,,
P-IHYOpI3gc,"Rhythm Is a Dancer (7"" Edit)",The Madman's Return,SNAP!,,,,,,
e-cAc1AwfAw,Rich Folks Hoax,Cold Fact,Rodriguez,,,,,,
-6hxH80TCp8,Riders On The Storm (Fredwreck Remix),Riders On The Storm (Fredwreck Remix),Snoop Dogg,The Doors,,,,,
En_6WWOWh8E,Riptide,Dream Your Life Away (Deluxe Edition),Vance Joy,,,,,,
PGMZxrVQirI,River of Darkness,Nocturnal,The Midnight,Timecop1983,,,,,
6U8A5HjtJfc,River of Darkness (Instrumental),Nocturnal: The Instrumentals,The Midnight,,,,,,
m7QYEY-jm_c,Roberto Corta Essa / Ponta De Lança Africano (Umbabarauma) (Ao Vivo),Acústico Jorge Ben Jor A + B (Ao Vivo),Jorge Ben Jor,,,,,,
5jXZDbf7j0Q,Robots,Robots In Lilac Spaceships,Landhouse,Raddantze,,,,,
bFwy6-7ptLE,Rollin Dust,Various Artists,PVNV,,,,,,
sOa4VVlI9tE,"Rolling Down The Street, In My Katamari",Motorway,Fearofdark,,,,,,
xO10g0T72FE,Run,Freak EP,GENESI,Meduza,,,,,
gFRGf7-TaPQ,Run Boy Run,The Golden Age,Woodkid,,,,,,
a4YwJCZRh5M,Run BTS,Proof,BTS,,,,,,
7WMPaIV664I,"Run, Run (French 79 Remix Extended Version)","Run, Run (French 79 Remix)",Kid Francescoli,Julietta,,,,,
JYe7iXdAfcw,Sad But Ambitious,Sad But Ambitious,Marc Brauner,,,,,,
jWpZuFM0Qtk,Safe and Sound,In A Tidal Wave of Mystery,Capital Cities,,,,,,
1INlohf-U3E,Sambossa,Sambossa,Bellaire,Venessa Jackson,,,,,
y23QKlXvzHA,淋しい熱帯魚［Bonus Track］ - Samishii Nettaigyo -Bonus Track-,Twin Memories,Wink,,,,,,
o2TRkbdIHNA,Santa Catarina,Santa Catarina,Lazywax,,,,,,
iTeO1gXxDmc,Sarà perché ti amo,MusicWorld Italia,Ricchi E Poveri,,,,,,
jrI9zLeuizE,Sarà perché ti amo,...E Penso A Te,Ricchi E Poveri,,,,,,
d2E8hvhtTFc,SATURDAY NIGHT FEVER（Extended ver．）,SUPER EUROBEAT presents DAVE RODGERS Special COLLECTION Vol.2,DAVE RODGERS,,,,,,
gcA2ivj8Bgg,Say My Name (Remix),Say My Name (Remix),Morgan Seatree,Florence + The Machine,,,,,
sJrXEMyeU8Y,Say My Name (Sub Focus Remix),Say My Name (Sub Focus Remix),Morgan Seatree,Sub Focus,,,,,
ZUuNiq2HATI,Say So (Japanese Version),Say So (Japanese Version),Rainych,,,,,,
vOYFNsLYDs0,サヨナラ・・・FUJIさん - Sayonara Fujisan,Takanaka All Time Super Best - Selection,Masayoshi Takanaka,,,,,,
fJBKndr1fdA,Sea Shanty Medley,Sea Shanty Medley,Home Free,,,,,,
JQwpTLNNL7w,Searching,Searching,East End Dubs,Wheats,,,,,
OBM0DO8Xt1c,September,September (sped up + slowed),"Earth, Wind & Fire",,,,,,
rqsJfbyVvxo,Seul avec du monde autour,Civilisation,Orelsan,,,,,,
dr2CMlflcEs,Seven Goblins,Nijidensetsu -The Rainbow Goblins-,Masayoshi Takanaka,,,,,,
ESLa421KQaM,Sh-Boom,Jukebox Rock,The Chords,,,,,,
0c8o2bybn8A,Shakara,Shakara,Fela Kuti,,,,,,
0EuC4jUbITA,新宝島 - Shin Takara Jima,834.194,sakanaction,,,,,,
WKESvUb7F5Y,Shôgai Ichi Kyôshi,Great Teacher Onizuka,Yûsuke Honma,,,,,,
_7UNsk-XnwU,Sholay,Rrr,Vishal Mishra,Benny Dayal,Sahithi Chaganti,Harika Narayan,,,
4rAjtfNfG1E,Shona,Shona,Jake Chudnow,,,,,,
AkjaUuyXReU,Shonen,Civilisation,Orelsan,,,,,,
 -GhPeeoe1Ik,Shooting Star (Instrumental),Shooting Star (Instrumental),Izar,,,,,,
50qu96dvhH8,SHYNESS BOY,Timely!!,Anri,,,,,,
w_a5mRbwr-o,Sicily' Box,Sicily' Box,Venna,Yussef Dayes,Marco Bernardis,Rocco Palladino,,,
YDldlpDYy38,Siente,Siente,BALTHVS,,,,,,
OYZMZn9VOs8,Silhouette,Katana Zero (Original Soundtrack),Bill Kiley,,,,,,
q-ZQbWQqZuA,Sing It Back (Boris Dlugosch Musical Mix),Things to Make and Do,Moloko,,,,,,
6VHt4hazMG0,"Sing, Sing, Sing",One O'Clock Jump,Benny Goodman,,,,,,
3bNjL0GxAeY,Smack Yo',Smack Yo',Beltran (BR),,,,,,
rMU0jXcKXLc,Smalltown Boy,The Age Of Consent,Bronski Beat,,,,,,
WL8W-bAlMhA,"Smalltown Boy (12"" Version)",The Age Of Consent (Remastered & Expanded),Bronski Beat,,,,,,
mRNcPbCJNJ8,Smooth Operator (Single Version),The Best of Sade,Sade,,,,,,
CnJsQQWrmiM,Sneaky Driver,Katana Zero (Original Soundtrack),Bill Kiley,,,,,,
VdFQfaf0yu8,Snow,Katana Zero (Original Soundtrack),Bill Kiley,,,,,,
rvrg58g3XJQ,So Close,Redline,Lazerhawk,,,,,,
FX0tMbRTqEQ,"So in Love With You (Full Intention 12""Remix)","So in Love With You (Full Intention 12""Remix)",DUKE,,,,,,
bsV9euj98ZU,Solar System,Solar System / Siren,Sub Focus,,,,,,
Vg851ehgbRE,Soul Connection,Soul Connection,Silver Panda,,,,,,
AHU74oGbXzU,Space Road,CASIOPEA,CASIOPEA,,,,,,
o-kynMNmOdg,Space Trash,Redline,Lazerhawk,,,,,,
 -J9FuvPmMoI,Sparkle - movie ver.,Your Name.,RADWIMPS,,,,,,
h8bAbvk5Hs4,Spooky,Dusty... Definitely (Expanded Edtion),Dusty Springfield,,,,,,
JA2TPK0NeFI,Stamp On The Ground,Stamp!,ItaloBrothers,,,,,,
aGm_X6viE0A,Star Wars Samba,Brasilian Skies,Masayoshi Takanaka,,,,,,
THVjr2pK_zY,Starlight (Dub Version),Starlight,The Supermen Lovers,Mani Hoffman,,,,,
lNdW2-gDTUo,Starting Block,"Logique, Pt. 2",Limsa d'Aulnay,Isha,,,,,
iuXtcFS7Xsc,"Stay Alive (From ""The Secret Life of Walter Mitty"" Soundtrack)",Stay Alive (From The Secret Life Of Walter Mitty),José González,,,,,,
S60cg8l2WPs,STAY THE NIGHT（Extended ver．）,SUPER EUROBEAT presents DAVE RODGERS Special COLLECTION Vol.2,DAVE RODGERS,,,,,,
xPCbboUGFtg,Still,"Not Waving, But Drowning",Loyle Carner,,,,,,
TFY1_zZ5Nc4,Stomp!,Light Up The Night,The Brothers Johnson,,,,,,
S-uAWYOy0YI,Stormy,The Meters,The Meters,,,,,,
8HX-L6WPYFo,Stranger (To Stability),Stranger (To Stability),Dustin Zahn,,,,,,
RCaoGyIXI6Y,Strangers,Strangers,Kenya Grace,,,,,,
K1FlAphL2p8,Stressed Out,Blurryface,twenty one pilots,,,,,,
3hZA0xarSac,Strings Of Life,Innovator,Derrick May,,,,,,
udyCtTTrDbI,Stupid,All Over,HNQO,,,,,,
nDBgoxSmcm0,STYX HELIX,MYTH & ROIDアルバム「eYe's」,MYTH & ROID,,,,,,
j1h0rPYKces,Sugar,Sugar,Robin Schulz,Francesco Yates,,,,,
esG4gK-pieA,Sugar Man,Cold Fact,Rodriguez,,,,,,
vBwxzghH8mw,SUMMER CANDLES,BOOGIE WOOGIE MAINLAND,Anri,,,,,,
Mus79Xtzsnw,Sundown,Sundown,Biscits,,,,,,
z9VMaLxg9Ok,"Sunflower (From ""Spider-Man: Into the Spider-Verse"")",Hollywood's Bleeding,Post Malone,Swae Lee,,,,,
O7wfMz6LzoU,Supasonic,Supasonic,Glen S,,,,,,
9LW9DpmhrPE,すずめ - Suzume,Suzume,RADWIMPS,Toaka,,,,,
S3PVIkvPfks,Suzume,Suzume (Motion Picture Soundtrack),RADWIMPS,Toaka,,,,,
RT29xulT890,Swamp Funk,Swamp Funk,Stupid Human,,,,,,
cULQhvuq1Zc,Sweater Weather,I Love You.,The Neighbourhood,,,,,,
UlxM3zSoo-s,Sweet & Sublime,Pulsar,L'Impératrice,Erick the Architect,,,,,
b954AZQlhyg,Sword and Shield Gym Leader Battle Theme v.II,Sword and Shield Gym Leader Battle Theme v.II,GlitchxCity,CatchDalgo,,,,,
M-8ytVKImEE,SYNTHY,SYNTHY,Vlinder Vos,GEWOONRAVES,,,,,
674ofSYg3c0,T’es mon DEL,BĒYĀH,Damso,,,,,,
uC6wKP_RVqU,Tailwhip,Tailwhip,Men I Trust,,,,,,
bu6RQTwolq8,Taj Mahal (Ao Vivo),Acústico Jorge Ben Jor A + B (Ao Vivo),Jorge Ben Jor,,,,,,
EDr2hXOIJRE,Takahashi Timing,Mount Matsu,YĪN YĪN,,,,,,
fT5t8Td9T44,Take A Look Around,Chocolate Starfish And The Hot Dog Flavored Water,Limp Bizkit,,,,,,
0kt91N2S_VU,Take It Easy My Brother Charles (Ao Vivo),Acústico Jorge Ben Jor A + B (Ao Vivo),Jorge Ben Jor,,,,,,
HzdD8kbDzZA,Take on Me,Hunting High and Low,a-ha,,,,,,
laULxat44Ew,Take The Heat,Take The Heat,ADB,,,,,,
WVDURaXG6wk,Take Yo' Praise,The Iron Pot Cooker,Camille Yarbrough,,,,,,
VEejYRuSG_g,Tchiki boum,Encore un dernier baiser,Niagara,,,,,,
bbbHsT933_I,TDB,No crari,OBOY,,,,,,
9u6ahyzuC2Q,TEKETEKE,XOXO,WOST,,,,,,
iBNel1avzQU,Tell Me What It’s Like?,Silence Is Loud,Nia Archives,,,,,,
Lqj0Fz5AJhw,Terrabot,Terrabot,Waveshaper,,,,,,
iBnRn0sc7S8,That's the Funk Assault,Minimum One Post a Week,Funk Assault,,,,,,
ObbWCksR69I,The Best,The Best,Bárbara Eugênia,Guilherme Held,,,,,
LrUm1UKwwiw,the boy is mine,eternal sunshine,Ariana Grande,,,,,,
FhgFtXESdPk,The Chain (2004 Remaster),Rumours,Fleetwood Mac,,,,,,
oT88I70T6Cw,残酷な天使のテーゼ - The Cruel Angel's Thesis,The Cruel Angel's Thesis/Soul's Refrain,Yoko Takahashi,,,,,,
k8ozVkIkr-g,The Cruel Angel's Thesis (Director's Edit Version),NEON GENESIS EVANGELION (Original Series Soundtrack),Yoko Takahashi,,,,,,
pOmxG7nZb0s,The Curse of the Sad Mummy,The Music of League of Legends Vol. 1,League of Legends,,,,,,
N8wfYwSDTa4,The Day,The Day,Porno Graffitti,,,,,,
XzRAswu4SM0,The Deep,Speed EP,Force Mass Motion,,,,,,
D-1JTI8CGp0,THE FINAL COUNTDOWN(EXTENDED MIX),SUPER EUROBEAT presents DAVE RODGERS Special COLLECTION Vol.2,DAVE RODGERS,,,,,,
m-Xj4VsSzOs,The Fixx,Redline,Lazerhawk,,,,,,
10wS3-xdOiA,The Getaway,Turbulence,Miami Nights 1984,,,,,,
Hkr-0Fc8mJU,The Hierophant (Extended Mix),,Eelke Kleijn,,,,,,
S45rTCJwsWE,The King's Affirmation,The King's Affirmation,Iniko,,,,,,
W4C-NEWrnSQ,The Nights,The Days / Nights (EP),Avicii,,,,,,
0BBKyvV3lNg,The Phantom (1930 Version),The Phantom,Parov Stelar,,,,,,
HBglKQYhIxM,THE RACE IS OVER（Extended ver．）,SUPER EUROBEAT presents DAVE RODGERS Special COLLECTION Vol.2,DAVE RODGERS,,,,,,
50nAD_s7Vho,The Sandman 1,Katana Zero (Original Soundtrack),LudoWic,,,,,,
X7a3NgcK7kg,The Sandman 2,Katana Zero (Original Soundtrack),LudoWic,,,,,,
TGpr_y3zwXQ,The Spark,The Spark,Kabin Crew,Lisdoonvarna Crew,,,,,
puZ_eaqbcUQ,The Sun,Born a Loser,Myd,,,,,,
DJoPdsGMbH8,The Unknowing,The Unknowing,Jfarrari,,,,,,
PseaocK-boA,The Vulture (2006 Remaster),Remember My Song,Labi Siffre,,,,,,
GXO83B-6jKQ,The Way Things Were,The Way Things Were,edbl,Isaac Waddington,,,,,
uDGJ9DyF25I,The Weekend (Radio Edit),The Weekend,Michael Gray,,,,,,
nuI_0bnEwog,"Theme from ""Black Orpheus""",Wonder Boy,Jim Hall,,,,,,
f0Lyki90wA4,Things Are Changing,Dream Room,Tokyo Tea Room,,,,,,
0v_RixPSnL0,Third District,Katana Zero (Original Soundtrack),LudoWic,,,,,,
lJyawB1E78M,"This Is Not a Song, It's an Outburst: Or, the Establishment Blues",Cold Fact,Rodriguez,,,,,,
Rc5lx_GVrks,Thunder Love (2017 Version),Rework,Sung,,,,,,
EZKeSVW-EMg,Tick Tock,Hot Meal Brigade Vol.3,Mischluft,,,,,,
0tGBcKotyb8,Tied up at the Moment,Katana Zero (Original Soundtrack),Bill Kiley,,,,,,
JYHH0ogYN8M,Tieduprightnow,Tieduprightnow,Parcels,,,,,,
dhAR_VnEAZ8,Tieduprightnow,Parcels,Parcels,,,,,,
Z26l5PmwQmI,Time To Dance,Crack My Bones,The Shoes,Anthonin Ternant,,,,,
2-F0JiWHvM8,Tokyo Calling,Tokyo Calling,ATARASHII GAKKO!,,,,,,
nlxkoqnqoiA,TOO COOL TO BE CARELESS,TOO COOL TO BE CARELESS,PAWSA,,,,,,
IN-PeAZDi7g,Too Sweet,Unreal Unearth: Unheard,Hozier,,,,,,
CzlsEHbkmZg,Tornado,"High & Fines Herbes La Mixtape - Volume 2 - Saison 4. Parce qu’on n’a pas fait de mixtape pour les deux premières saisons. Ok, c’est pas très logique, mais on-s’en-bat-les-couilles, le projet il tue sa mère !",Caballero & JeanJass,Enima,Limsa d'Aulnay,,,,
sb9Jz9B2D4k,Torpédo,Encore un dernier baiser,Niagara,,,,,,
 -xFur30vvVc,Touch (2021 Epilogue),Random Access Memories (10th Anniversary Edition),Daft Punk,Paul Williams,,,,,
QHwdrkQdKz0,Touch Down 2 Cause Hell (Bow Bow Bow),Touch Down 2 Cause Hell  (Bow Bow Bow),Hd4president,,,,,,
eA59kfZ6rak,Training Season,Training Season,Dua Lipa,,,,,,
_ge426yFKmk,Tri Li Li,Aspan,Sababa 5,,,,,,
EEeMZ6wHW3g,Trouble On My Mind,Love Can't Be Borrowed,The Sextones,,,,,,
u_lqRIoy8W4,Tu sais bien ce dont j'ai envie,Encore un dernier baiser,Niagara,,,,,,
J0Ffb-Ir2IU,U & I,U & I,FKJ,Darius,WAYNE SNOW,Crayon,The NightBirds,,
9lw49FJnjR4,U RIGHT?,WELCOME TO THE JUNGLE (Deluxe),Rilès,,,,,,
jgW81mMy8GE,Unreal Story Part 1 (Instrumental),THE UNREAL STORY OF LOU REED (Instrumental),Fred Nevché,French 79,,,,,
KZcj2Rru6-k,Untitled 38490,EP 2,Binary Digit,,,,,,
807femgsuK0,Used to This,Used to This,Wilkinson,Issey Cross,,,,,
rCD9VRCwoSU,V Limo (New Donk Shitty),Katana Zero (Original Soundtrack),Bill Kiley,,,,,,
AtozjjNv7xk,Vacances (Yuksek Remix),Matahari (Édition Impériale),L'Impératrice,,,,,,
xtYmbT_S2xg,VAGABOND,VIEUX SONS,Damso,,,,,,
dW0GRmLhoF4,Victory,The Disk Hunter,Waveshaper,,,,,,
GFdgwEX6-_I,Virgin Poison,Darkly Yours EP,La Kajofol,,,,,,
GnowHE3vavs,VOID,VOID,SVLT,,,,,,
_U1EiqGRqrc,Void Runner,Void Runner,Alone in My Room,,,,,,
5cbrisiV6Sw,Volition,Katana Zero (Original Soundtrack),Bill Kiley,,,,,,
UhazA6PvjHA,VORACITY,TVアニメ「オーバーロードIII」オープニングテーマ「VORACITY」,MYTH & ROID,,,,,,
bH7FUi6vxnY,W/Brasil (Chama O Síndico) (Ao Vivo),Acústico Jorge Ben Jor A + B (Ao Vivo),Jorge Ben Jor,,,,,,
MiIXfTEx6FQ,Waiting All Night,Home (10th Anniversary Edition),Rudimental,Ella Eyre,,,,,
vsGsCvJWEo8,Walk on By,Make Way for Dionne Warwick,Dionne Warwick,,,,,,
rXsQmkz1T7A,Walking On A Dream,Walking On A Dream (10th Anniversary Edition),Empire Of The Sun,,,,,,
Y1W-cpqS6Tk,Wano Theme (Drums of Liberation),Wano Theme (Drums of Liberation),Carameii,,,,,,
vIN_MUjciVo,Wano Theme (Drums of Liberation),Wano Theme (Drums of Liberation),Carameii,,,,,,
u9wUYXufCdI,Want 2 B Loved,Destiny of the Moment,DJ HEARTSTRING,,,,,,
6csiUGMC1fk,War Pigs (2009 Remaster),Paranoid,Black Sabbath,,,,,,
r02mYOlfcCw,We Are The People,Walking On A Dream (10th Anniversary Edition),Empire Of The Sun,,,,,,
C0QhLCAxVsw,WE WANNA ROCK（Extended ver．）,SUPER EUROBEAT presents DAVE RODGERS Special COLLECTION Vol.2,DAVE RODGERS,,,,,,
GyW_W0yNxbU,Weekends,Weekends,Midnight Generation,Modesta,,,,,
TLCgG9FsJn0,"Welcome Home, Son",Ghost,Radical Face,,,,,,
bxBiTm7vtCs,What Goes Around.../...Comes Around (Interlude),FutureSex/LoveSounds Deluxe Edition,Justin Timberlake,,,,,,
5gThViRAbnQ,What Trance Feels Like,The Midnight Club GT,Funk Tribu,,,,,,
mzGX5Hn3UmU,What U Want (Chris Stussy & Djoko aka Kolter Remix),Remixed,Enrico Mantini,X Woman,,,,,
qjtq_oh70hE,What U Want?,What U Want?,Dina Ayada,,,,,,
iGKJe7QGoXk,What You Know,Tourist History (Deluxe Edition),Two Door Cinema Club,,,,,,
n9DmdAwUbxc,What You Won't Do for Love,What You Won't Do for Love,Bobby Caldwell,,,,,,
SthSmXFYhAk,WHEELS OF FIRE（Extended ver．）,SUPER EUROBEAT presents DAVE RODGERS Special COLLECTION Vol.2,DAVE RODGERS,,,,,,
Gii4JF8asik,When the Rain Begins to Fall,Jermaine Jackson (Expanded Edition),Jermaine Jackson,Pia Zadora,,,,,
-23UKjwu_10,Where Are You Now,Where Are You Now,Lost Frequencies,Calum Scott,,,,,
V5BF1V1pbTs,White Room,Wheels Of Fire,Cream,,,,,,
AAHjDgtYTiI,White Sands,Road to Knowhere,Tommy Guerrero,,,,,,
5NKm5LJ-Sc8,who are you,Dark Corners and Alchemy,mehro,,,,,,
Lc1Ll-euRSg,Who Can It Be Now?,Business As Usual,Men At Work,,,,,,
bkf8c0d7TwI,WICK SIX,WICK SIX,upper class,,,,,,
bE7DUQDqspo,Will You Remember Me When I'm Gone?,4 The People,DJ HEARTSTRING,,,,,,
Tk7WFyHUr1E,Without Me,Manic,Halsey,,,,,,
 -CVKHaZXmk4,Won't Change My Soul,Destiny of the Moment,DJ HEARTSTRING,,,,,,
5D0yX9j0jGc,Wonder Cheese,Wonder Cheese,Xavier Dang,,,,,,
LLu9XA_nsJI,Word to the Wise,Word to the Wise,Matt Corman,,,,,,
iN9rqTJbCrk,World Hold On (Children Of The Sky) (FISHER Rework),World Hold On (Children Of The Sky) (FISHER Rework),Bob Sinclar,FISHER,Steve Edwards,,,,
Ct2jtIvHnW8,Worst Neighbors Ever,Katana Zero (Original Soundtrack),Bill Kiley,,,,,,
IK3Xb0hlDc8,Yamaha,Yamaha,Aleksandir,,,,,,
eYMeW3-b9FM,Yo quiero estar contigo,Yo quiero estar contigo,Cécilia Velasquez,,,,,,
oc8MrdtuGQI,you don't like real girls,you don't like real girls,Vestron Vulture,,,,,,
rc6vowZjWOs,You Spin Me Round (Like a Record),Youthquake,Dead or Alive,,,,,,
foRhG9MNzig,You Will Never Know,Katana Zero (Original Soundtrack),Bill Kiley,,,,,,
rxbCaiyYSXM,You Wish,In A Space Outta Sound,Nightmares On Wax,,,,,,
Nc0sB1Bmf-A,残響散歌 - Zankyosanka,Zankyosanka,Aimer,,,,,,
d6NPs3OQIAU,残響散歌 - Zankyosanka,Open a Door,Aimer,,,,,,
B966pzT8QfQ,Zazueira (Ao Vivo),Acústico Jorge Ben Jor A + B (Ao Vivo),Jorge Ben Jor,,,,,,
87lArWOdiuE,Zenith (Edit),Zenith,Kavinsky,Prudence,Morgan Phalen,,,,
DPvYavDpPAQ,Zingaat,Dhadak,Ajay Atul,,,,,,
95ukTqZp01I,Ε. Signaler,Ipséité,Damso,,,,,,
JTE5qRu4YPc,Λ. Lové,Ipséité,Damso,,,,,,
hssSTXMcyBQ,ЗАВОД,ЗАВОД,ZAPRAVKA,,,,,,
BQPLJ-urOG4,На Дне,Этажи,Molchat Doma,,,,,,
s1ATTIQrmIQ,Судно (Борис Рыжий),Этажи,Molchat Doma,,,,,,
JeuZ5RCgvwM,비누,비누,BIBI,,,,,,
m9SMT5ipbxk,アイドル,アイドル,YOASOBI,,,,,,
pMX4rYvhvgI,夜にはぐれて ～Where Were You Last Night～,夜にはぐれて ～Where Were You Last Night～,Wink,,,,,,





